"kode_lokasi";"nama_lokasi"
"35.78";KOTA SURABAYA
"35.78.01";KARANGPILANG
"35.78.01.1001";KARANGPILANG
"35.78.01.1002";KEBRAON
"35.78.01.1003";KEDURUS
"35.78.01.1004";WARUGUNUNG
"35.78.02";WONOCOLO
"35.78.02.1001";SIDOSERMO
"35.78.02.1002";BENDUL MERISI
"35.78.02.1003";MARGOREJO
"35.78.02.1004";JEMUR WONOSARI
"35.78.02.1005";SIWALANKERTO
"35.78.03";RUNGKUT
"35.78.03.1001";KALIRUNGKUT
"35.78.03.1002";RUNGKUT KIDUL
"35.78.03.1003";KEDUNG BARUK
"35.78.03.1004";PENJARINGANSARI
"35.78.03.1005";WONOREJO
"35.78.03.1006";MEDOKAN AYU
"35.78.04";WONOKROMO
"35.78.04.1001";WONOKROMO
"35.78.04.1002";JAGIR
"35.78.04.1003";NGAGEL
"35.78.04.1004";NGAGEL REJO
"35.78.04.1005";DARMO
"35.78.04.1006";SAWUNGGALING
"35.78.05";TEGALSARI
"35.78.05.1001";TEGALSARI
"35.78.05.1002";DR. SOETOMO
"35.78.05.1003";KEDUNGDORO
"35.78.05.1004";KEPUTRAN
"35.78.05.1005";WONOREJO
"35.78.06";SAWAHAN
"35.78.06.1001";PETEMON
"35.78.06.1002";SAWAHAN
"35.78.06.1003";BANYU URIP
"35.78.06.1004";PUTAT JAYA
"35.78.06.1005";KUPANG KRAJAN
"35.78.06.1006";PAKIS
"35.78.07";GENTENG
"35.78.07.1001";EMBONG KALIASIN
"35.78.07.1002";GENTENG
"35.78.07.1003";KAPASARI
"35.78.07.1004";KETABANG
"35.78.07.1005";PENELEH
"35.78.08";GUBENG
"35.78.08.1001";GUBENG
"35.78.08.1002";MOJO
"35.78.08.1003";AIRLANGGA
"35.78.08.1004";KERTAJAYA
"35.78.08.1005";BARATAJAYA
"35.78.08.1006";PUCANG SEWU
"35.78.09";SUKOLILO
"35.78.09.1001";KEPUTIH
"35.78.09.1002";GEBANG PUTIH
"35.78.09.1003";KLAMPIS NGASEM
"35.78.09.1004";MENUR PUMPUNGAN
"35.78.09.1005";NGINDEN JANGKUNGAN
"35.78.09.1006";SEMOLOWARU
"35.78.09.1007";MEDOKAN SEMAMPIR
"35.78.10";TAMBAKSARI
"35.78.10.1001";TAMBAKSARI
"35.78.10.1002";PLOSO
"35.78.10.1003";GADING
"35.78.10.1004";PACARKEMBANG
"35.78.10.1005";RANGKAH
"35.78.10.1006";PACARKELING
"35.78.10.1007";KAPAS MADYA BARU
"35.78.10.1008";DUKUH SETRO
"35.78.11";SIMOKERTO
"35.78.11.1001";SIMOKERTO
"35.78.11.1002";KAPASAN
"35.78.11.1003";SIDODADI
"35.78.11.1004";SIMOLAWANG
"35.78.11.1005";TAMBAKREJO
"35.78.12";PABEAN CANTIAN
"35.78.12.1001";BONGKARAN
"35.78.12.1002";NYAMPLUNGAN
"35.78.12.1003";KREMBANGAN UTARA
"35.78.12.1004";PERAK TIMUR
"35.78.12.1005";PERAK UTARA
"35.78.13";BUBUTAN
"35.78.13.1001";ALUN-ALUN CONTONG
"35.78.13.1002";BUBUTAN
"35.78.13.1003";GUNDIH
"35.78.13.1004";JEPARA
"35.78.13.1005";TEMBOK DUKUH
"35.78.14";TANDES
"35.78.14.1002";TANDES
"35.78.14.1006";KARANG POH
"35.78.14.1007";BALONGSARI
"35.78.14.1009";MANUKAN KULON
"35.78.14.1011";MANUKAN WETAN
"35.78.14.1012";BANJAR SUGIHAN
"35.78.15";KREMBANGAN
"35.78.15.1001";KREMBANGAN SELATAN
"35.78.15.1002";KEMAYORAN
"35.78.15.1003";PERAK BARAT
"35.78.15.1004";DUPAK
"35.78.15.1005";MOROKREMBANGAN
"35.78.16";SEMAMPIR
"35.78.16.1001";AMPEL
"35.78.16.1002";PEGIRIKAN
"35.78.16.1003";WONOKUSUMO
"35.78.16.1004";UJUNG
"35.78.16.1005";SIDOTOPO
"35.78.17";KENJERAN
"35.78.17.1001";TANAH KALI KEDINDING
"35.78.17.1002";SIDOTOPO WETAN
"35.78.17.1003";BULAK BANTENG
"35.78.17.1004";TAMBAK WEDI
"35.78.18";LAKARSANTRI
"35.78.18.1001";BANGKINGAN
"35.78.18.1002";JERUK
"35.78.18.1003";LAKARSANTRI
"35.78.18.1004";LIDAH KULON
"35.78.18.1005";LIDAH WETAN
"35.78.18.1006";SUMUR WELUT
"35.78.19";BENOWO
"35.78.19.1001";KANDANGAN
"35.78.19.1003";SEMEMI
"35.78.19.1004";TAMBAK OSOWILANGUN
"35.78.19.1005";ROMOKALISARI
"35.78.20";WIYUNG
"35.78.20.1001";WIYUNG
"35.78.20.1002";JAJAR TUNGGAL
"35.78.20.1003";BABATAN
"35.78.20.1004";BALAS KLUMPRIK
"35.78.21";DUKUH PAKIS
"35.78.21.1001";DUKUH PAKIS
"35.78.21.1002";DUKUH KUPANG
"35.78.21.1003";GUNUNG SARI
"35.78.21.1004";PRADAH KALI KENDAL
"35.78.22";GAYUNGAN
"35.78.22.1001";GAYUNGAN
"35.78.22.1002";MENANGGAL
"35.78.22.1003";DUKUH MENANGGAL
"35.78.22.1004";KETINTANG
"35.78.23";JAMBANGAN
"35.78.23.1001";JAMBANGAN
"35.78.23.1002";KARAH
"35.78.23.1003";KEBONSARI
"35.78.23.1004";PAGESANGAN
"35.78.24";TENGGILIS MEJOYO
"35.78.24.1001";KUTISARI
"35.78.24.1002";KENDANGSARI
"35.78.24.1003";TENGILIS MEJOYO
"35.78.24.1004";PANJANG JIWO
"35.78.25";GUNUNG ANYAR
"35.78.25.1001";GUNUNG ANYAR
"35.78.25.1002";RUNGKUT TENGAH
"35.78.25.1003";RUNGKUT MENANGGAL
"35.78.25.1004";GUNUNG ANYAR TAMBAK
"35.78.26";MULYOREJO
"35.78.26.1001";MULYOREJO
"35.78.26.1002";MANYAR SABRANGAN
"35.78.26.1003";KEJAWAAN PUTIH TAMBAK
"35.78.26.1004";KALISARI
"35.78.26.1005";DUKUH SUTOREJO
"35.78.26.1006";KALIJUDAN
"35.78.27";SUKOMANUNGGAL
"35.78.27.1001";SUKOMANUNGGAL
"35.78.27.1002";TANJUNGSARI
"35.78.27.1003";SONOKWIJENAN
"35.78.27.1004";PUTAT GEDE
"35.78.27.1005";SIMOMULYO
"35.78.27.1006";SIMOMULYO BARU
"35.78.28";ASEM ROWO
"35.78.28.1001";ASEM ROWO
"35.78.28.1002";GENTING KALIANAK
"35.78.28.1005";TAMBAK SARIOSO
"35.78.29";BULAK
"35.78.29.1001";KEDUNG COWEK
"35.78.29.1003";KENJERAN
"35.78.29.1004";BULAK
"35.78.29.1005";SUKOLILO BARU
"35.78.30";PAKAL
"35.78.30.1001";PAKAL
"35.78.30.1002";BABAT JERAWAT
"35.78.30.1004";SUMBER REJO
"35.78.30.1005";BENOWO
"35.78.31";SAMBIKEREP
"35.78.31.1001";SAMBIKEREP
"35.78.31.1002";MADE
"35.78.31.1003";BRINGIN
"35.78.31.1004";LONTAR
